<eagle version="6.4"><drawing><settings><setting alwaysvectorfont="no" verticaltext="up"/></settings><grid altunit="inch" altunitdist="inch" altdistance="0.025" display="no" multiple="1" style="lines" unit="inch" unitdist="inch" distance="0.05"/><layers><layer active="yes" visible="yes" fill="1" color="1" name="Reference" number="49"/><layer active="yes" visible="yes" fill="1" color="6" name="tPlace" number="25"/><layer active="yes" visible="yes" fill="1" color="2" name="tDocu" number="21"/><layer active="yes" visible="yes" fill="1" color="2" name="tCream" number="31"/><layer active="yes" visible="yes" fill="1" color="4" name="TOP" number="1"/><layer active="yes" visible="yes" fill="1" color="15" name="tStop" number="29"/><layer active="yes" visible="yes" fill="1" color="1" name="BOTTOM" number="16"/><layer active="yes" visible="yes" fill="1" color="7" name="bStop" number="30"/><layer active="yes" visible="yes" fill="1" color="7" name="bCream" number="32"/><layer active="yes" visible="yes" fill="1" color="3" name="bDocu" number="22"/><layer active="yes" visible="yes" fill="1" color="3" name="bPlace" number="26"/><layer active="yes" visible="yes" fill="1" color="5" name="Holes" number="45"/><layer active="yes" visible="yes" fill="1" color="5" name="Info" number="97"/><layer active="yes" visible="yes" fill="1" color="5" name="Guide" number="98"/><layer active="yes" visible="yes" fill="1" color="4" name="tValues" number="27"/><layer active="yes" visible="yes" fill="1" color="4" name="bValues" number="28"/><layer active="yes" visible="yes" fill="1" color="4" name="INTERNAL1" number="2"/><layer active="yes" visible="yes" fill="1" color="6" name="INTERNAL2" number="3"/><layer active="yes" visible="yes" fill="1" color="5" name="INTERNAL3" number="4"/><layer active="yes" visible="yes" fill="1" color="5" name="INTERNAL4" number="5"/><layer active="yes" visible="yes" fill="1" color="1" name="INTERNAL5" number="6"/><layer active="yes" visible="yes" fill="1" color="1" name="INTERNAL6" number="7"/><layer active="yes" visible="yes" fill="1" color="1" name="INTERNAL7" number="8"/><layer active="yes" visible="yes" fill="1" color="1" name="INTERNAL8" number="9"/><layer active="yes" visible="yes" fill="1" color="2" name="Values" number="96"/><layer active="yes" visible="yes" fill="1" color="1" name="FAB" number="49"/><layer active="yes" visible="yes" fill="1" color="1" name="ASSEMBLY_DETAIL" number="49"/><layer active="yes" visible="yes" fill="1" color="1" name="BOARD_OUTLINE" number="49"/><layer active="yes" visible="yes" fill="1" color="1" name="CopyRight" number="49"/><layer active="yes" visible="yes" fill="1" color="1" name="BRDOUT" number="20"/><layer active="yes" visible="yes" fill="1" color="1" name="NOTES" number="48"/><layer active="yes" visible="yes" fill="1" color="1" name="ASSYNOTES" number="21"/><layer active="yes" visible="yes" fill="1" color="1" name="STACKUP" number="46"/></layers><board><plain><wire layer="49" width="0.0254" y2="98.3742" x2="25.4" y1="25.4" x1="25.4"/><wire layer="49" width="0.1016" y2="98.3742" x2="25.4" y1="25.4" x1="25.4"/><wire layer="49" width="0.0254" y2="98.3742" x2="88.9" y1="98.3742" x1="25.4"/><wire layer="49" width="0.1016" y2="98.3742" x2="88.9" y1="98.3742" x1="25.4"/><wire layer="49" width="0.0254" y2="25.4" x2="88.9" y1="98.3742" x1="88.9"/><wire layer="49" width="0.1016" y2="25.4" x2="88.9" y1="98.3742" x1="88.9"/><wire layer="49" width="0.0254" y2="25.4" x2="25.4" y1="25.4" x1="88.9"/><wire layer="49" width="0.1016" y2="25.4" x2="25.4" y1="25.4" x1="88.9"/><text align="bottom-left" layer="21" size="1.778" y="31.8516" x="52.7558">Coutx</text><text align="bottom-left" layer="21" size="1.778" y="49.9872" x="37.211">Cout</text></plain><libraries><library name="ultra-librarian"><packages><package name="0805"><smd layer="1" dx="1.1176" dy="1.4478" y="0" x="-0.9017" name="1"/><smd layer="1" dx="1.1176" dy="1.4478" y="0" x="0.9017" name="2"/><wire layer="25" width="0" y2="0.7239" x2="-0.3429" y1="-0.7239" x1="-0.3429"/><wire layer="25" width="0" y2="0.7239" x2="-1.1049" y1="0.7239" x1="-0.3429"/><wire layer="25" width="0" y2="-0.7239" x2="-1.1049" y1="0.7239" x1="-1.1049"/><wire layer="25" width="0" y2="-0.7239" x2="-0.3429" y1="-0.7239" x1="-1.1049"/><wire layer="25" width="0" y2="-0.7239" x2="0.3429" y1="0.7239" x1="0.3429"/><wire layer="25" width="0" y2="-0.7239" x2="1.1049" y1="-0.7239" x1="0.3429"/><wire layer="25" width="0" y2="0.7239" x2="1.1049" y1="-0.7239" x1="1.1049"/><wire layer="25" width="0" y2="0.7239" x2="0.3429" y1="0.7239" x1="1.1049"/><wire layer="25" width="0" y2="-0.7239" x2="1.1049" y1="-0.7239" x1="-1.1049"/><wire layer="25" width="0" y2="0.7239" x2="1.1049" y1="-0.7239" x1="1.1049"/><wire layer="25" width="0" y2="0.7239" x2="-1.1049" y1="0.7239" x1="1.1049"/><wire layer="25" width="0" y2="-0.7239" x2="-1.1049" y1="0.7239" x1="-1.1049"/></package><package name="0603"><smd layer="1" dx="0.6604" dy="0.9652" y="0" x="-0.6985" name="1"/><smd layer="1" dx="0.6604" dy="0.9652" y="0" x="0.6985" name="2"/><wire layer="25" width="0" y2="0.4826" x2="-0.3683" y1="-0.4826" x1="-0.3683"/><wire layer="25" width="0" y2="0.4826" x2="-0.8763" y1="0.4826" x1="-0.3683"/><wire layer="25" width="0" y2="-0.4826" x2="-0.8763" y1="0.4826" x1="-0.8763"/><wire layer="25" width="0" y2="-0.4826" x2="-0.3683" y1="-0.4826" x1="-0.8763"/><wire layer="25" width="0" y2="-0.4826" x2="0.3683" y1="0.4826" x1="0.3683"/><wire layer="25" width="0" y2="-0.4826" x2="0.8763" y1="-0.4826" x1="0.3683"/><wire layer="25" width="0" y2="0.4826" x2="0.8763" y1="-0.4826" x1="0.8763"/><wire layer="25" width="0" y2="0.4826" x2="0.3683" y1="0.4826" x1="0.8763"/><wire layer="25" width="0" y2="-0.4826" x2="0.8763" y1="-0.4826" x1="-0.8763"/><wire layer="25" width="0" y2="0.4826" x2="0.8763" y1="-0.4826" x1="0.8763"/><wire layer="25" width="0" y2="0.4826" x2="-0.8763" y1="0.4826" x1="0.8763"/><wire layer="25" width="0" y2="-0.4826" x2="-0.8763" y1="0.4826" x1="-0.8763"/></package><package name="1206_190"><smd layer="1" dx="1.1" dy="1.6" y="0" x="-1.7" name="1"/><smd layer="1" dx="1.1" dy="1.6" y="0" x="1.7" name="2"/><wire layer="25" width="0.07" y2="0.95" x2="-1.75" y1="-0.95" x1="-1.75"/><wire layer="25" width="0.07" y2="-0.95" x2="1.75" y1="-0.95" x1="-1.75"/><wire layer="25" width="0.07" y2="0.95" x2="1.75" y1="-0.95" x1="1.75"/><wire layer="25" width="0.07" y2="0.95" x2="1.75" y1="0.95" x1="-1.75"/><wire layer="21" width="0.17" y2="1" x2="0.9" y1="1" x1="-0.9"/><wire layer="21" width="0.17" y2="-1" x2="0.9" y1="-1" x1="-0.9"/></package><package name="1210_280"><smd layer="1" dx="1.1176" dy="2.6924" y="0" x="-1.4986" name="1"/><smd layer="1" dx="1.1176" dy="2.6924" y="0" x="1.4986" name="2"/><wire layer="25" width="0" y2="1.3462" x2="-0.9398" y1="-1.3462" x1="-0.9398"/><wire layer="25" width="0" y2="1.3462" x2="-1.7018" y1="1.3462" x1="-0.9398"/><wire layer="25" width="0" y2="-1.3462" x2="-1.7018" y1="1.3462" x1="-1.7018"/><wire layer="25" width="0" y2="-1.3462" x2="-0.9398" y1="-1.3462" x1="-1.7018"/><wire layer="25" width="0" y2="-1.3462" x2="0.9398" y1="1.3462" x1="0.9398"/><wire layer="25" width="0" y2="-1.3462" x2="1.7018" y1="-1.3462" x1="0.9398"/><wire layer="25" width="0" y2="1.3462" x2="1.7018" y1="-1.3462" x1="1.7018"/><wire layer="25" width="0" y2="1.3462" x2="0.9398" y1="1.3462" x1="1.7018"/><wire layer="21" width="0.1524" y2="-1.3462" x2="0.6071" y1="-1.3462" x1="-0.6071"/><wire layer="21" width="0.1524" y2="1.3462" x2="-0.6071" y1="1.3462" x1="0.6071"/><wire layer="25" width="0" y2="-1.3462" x2="1.7018" y1="-1.3462" x1="-1.7018"/><wire layer="25" width="0" y2="1.3462" x2="1.7018" y1="-1.3462" x1="1.7018"/><wire layer="25" width="0" y2="1.3462" x2="-1.7018" y1="1.3462" x1="1.7018"/><wire layer="25" width="0" y2="-1.3462" x2="-1.7018" y1="1.3462" x1="-1.7018"/></package><package name="0402"><smd layer="1" dx="0.5588" dy="0.6096" y="0" x="-0.4191" name="1"/><smd layer="1" dx="0.5588" dy="0.6096" y="0" x="0.4191" name="2"/><wire layer="25" width="0" y2="0.3048" x2="-0.1397" y1="-0.3048" x1="-0.1397"/><wire layer="25" width="0" y2="0.3048" x2="-0.5461" y1="0.3048" x1="-0.1397"/><wire layer="25" width="0" y2="-0.3048" x2="-0.5461" y1="0.3048" x1="-0.5461"/><wire layer="25" width="0" y2="-0.3048" x2="-0.1397" y1="-0.3048" x1="-0.5461"/><wire layer="25" width="0" y2="-0.3048" x2="0.1397" y1="0.3048" x1="0.1397"/><wire layer="25" width="0" y2="-0.3048" x2="0.5461" y1="-0.3048" x1="0.1397"/><wire layer="25" width="0" y2="0.3048" x2="0.5461" y1="-0.3048" x1="0.5461"/><wire layer="25" width="0" y2="0.3048" x2="0.1397" y1="0.3048" x1="0.5461"/><wire layer="25" width="0" y2="-0.3048" x2="0.5461" y1="-0.3048" x1="-0.5461"/><wire layer="25" width="0" y2="0.3048" x2="0.5461" y1="-0.3048" x1="0.5461"/><wire layer="25" width="0" y2="0.3048" x2="-0.5461" y1="0.3048" x1="0.5461"/><wire layer="25" width="0" y2="-0.3048" x2="-0.5461" y1="0.3048" x1="-0.5461"/></package><package name="TP-1502"><pad shape="round" drill="0.8128" y="0" x="0" name="1"/></package><package name="CDEP63"><smd layer="1" dx="1.8415" dy="3.4036" y="0" x="-2.775" name="1"/><smd layer="1" dx="1.8415" dy="3.4036" y="0" x="2.775" name="2"/><wire layer="21" width="0.1524" y2="3.4036" x2="3.6195" y1="2.0345" x1="3.6195"/><wire layer="21" width="0.1524" y2="-3.4036" x2="-3.6195" y1="-2.0345" x1="-3.6195"/><circle layer="25" width="0.1016" radius="0.0762" y="0" x="-4.4577"/><circle layer="21" width="0.1016" radius="0.0762" y="0" x="-4.4577"/><wire layer="21" width="0.1524" y2="-3.4036" x2="3.6195" y1="-3.4036" x1="-3.6195"/><wire layer="21" width="0.1524" y2="-2.0345" x2="3.6195" y1="-3.4036" x1="3.6195"/><wire layer="21" width="0.1524" y2="3.4036" x2="-3.6195" y1="3.4036" x1="3.6195"/><wire layer="21" width="0.1524" y2="2.0345" x2="-3.6195" y1="3.4036" x1="-3.6195"/><wire layer="25" width="0" y2="-3.4036" x2="3.6195" y1="-3.4036" x1="-3.6195"/><wire layer="25" width="0" y2="3.4036" x2="3.6195" y1="-3.4036" x1="3.6195"/><wire layer="25" width="0" y2="3.4036" x2="-3.6195" y1="3.4036" x1="3.6195"/><wire layer="25" width="0" y2="-3.4036" x2="-3.6195" y1="3.4036" x1="-3.6195"/></package><package name="R-PSON-N22"><polygon width="0.4604" layer="21"><vertex x="-3.3128" y="-1.8095"/><vertex x="-3.3128" y="-2.1905"/><vertex x="-3.0588" y="-2.1905"/><vertex x="-3.0588" y="-1.8095"/></polygon><smd layer="1" dx="0.8048" dy="0.3048" y="2.5" x="-2.4024" name="1"/><smd layer="1" dx="0.8048" dy="0.3048" y="2" x="-2.4024" name="2"/><smd layer="1" dx="0.8048" dy="0.3048" y="1.5" x="-2.4024" name="3"/><smd layer="1" dx="0.8048" dy="0.3048" y="1" x="-2.4024" name="4"/><smd layer="1" dx="0.8048" dy="0.3048" y="0.5" x="-2.4024" name="5"/><smd layer="1" dx="0.8048" dy="0.3048" y="0" x="-2.4024" name="6"/><smd layer="1" dx="0.8048" dy="0.3048" y="-0.5" x="-2.4024" name="7"/><smd layer="1" dx="0.8048" dy="0.3048" y="-1" x="-2.4024" name="8"/><smd layer="1" dx="0.8048" dy="0.3048" y="-1.5" x="-2.4024" name="9"/><smd layer="1" dx="0.8048" dy="0.3048" y="-2" x="-2.4024" name="10"/><smd layer="1" dx="0.8048" dy="0.3048" y="-2.5" x="-2.4024" name="11"/><polygon width="0.4604" layer="21"><vertex x="3.3128" y="1.6905"/><vertex x="3.3128" y="1.3095"/><vertex x="3.0588" y="1.3095"/><vertex x="3.0588" y="1.6905"/></polygon><smd layer="1" dx="0.8048" dy="0.3048" y="-2.5" x="2.4024" name="12"/><smd layer="1" dx="0.8048" dy="0.3048" y="-2" x="2.4024" name="13"/><smd layer="1" dx="0.8048" dy="0.3048" y="-1.5" x="2.4024" name="14"/><smd layer="1" dx="0.8048" dy="0.3048" y="-1" x="2.4024" name="15"/><smd layer="1" dx="0.8048" dy="0.3048" y="-0.5" x="2.4024" name="16"/><smd layer="1" dx="0.8048" dy="0.3048" y="0" x="2.4024" name="17"/><smd layer="1" dx="0.8048" dy="0.3048" y="0.5" x="2.4024" name="18"/><smd layer="1" dx="0.8048" dy="0.3048" y="1" x="2.4024" name="19"/><smd layer="1" dx="0.8048" dy="0.3048" y="1.5" x="2.4024" name="20"/><smd layer="1" dx="0.8048" dy="0.3048" y="2" x="2.4024" name="21"/><smd layer="1" dx="0.8048" dy="0.3048" y="2.5" x="2.4024" name="22"/><smd layer="1" dx="3.24" dy="5.48" y="0" x="0" name="23"/><polygon width="0.4604" layer="31"><vertex x="-1.52" y="2.64"/><vertex x="-1.52" y="1.47"/><vertex x="-0.1" y="1.47"/><vertex x="-0.1" y="2.64"/></polygon><polygon width="0.4604" layer="31"><vertex x="-1.52" y="1.27"/><vertex x="-1.52" y="0.1"/><vertex x="-0.1" y="0.1"/><vertex x="-0.1" y="1.27"/></polygon><polygon width="0.4604" layer="31"><vertex x="-1.52" y="-0.1"/><vertex x="-1.52" y="-1.27"/><vertex x="-0.1" y="-1.27"/><vertex x="-0.1" y="-0.1"/></polygon><polygon width="0.4604" layer="31"><vertex x="-1.52" y="-1.47"/><vertex x="-1.52" y="-2.64"/><vertex x="-0.1" y="-2.64"/><vertex x="-0.1" y="-1.47"/></polygon><polygon width="0.4604" layer="31"><vertex x="0.1" y="2.64"/><vertex x="0.1" y="1.47"/><vertex x="1.52" y="1.47"/><vertex x="1.52" y="2.64"/></polygon><polygon width="0.4604" layer="31"><vertex x="0.1" y="1.27"/><vertex x="0.1" y="0.1"/><vertex x="1.52" y="0.1"/><vertex x="1.52" y="1.27"/></polygon><polygon width="0.4604" layer="31"><vertex x="0.1" y="-0.1"/><vertex x="0.1" y="-1.27"/><vertex x="1.52" y="-1.27"/><vertex x="1.52" y="-0.1"/></polygon><polygon width="0.4604" layer="31"><vertex x="0.1" y="-1.47"/><vertex x="0.1" y="-2.64"/><vertex x="1.52" y="-2.64"/><vertex x="1.52" y="-1.47"/></polygon><polygon width="0.4604" layer="1"><vertex x="1.25" y="2.74"/><vertex x="1.25" y="3"/><vertex x="1" y="3"/><vertex x="1" y="2.74"/><vertex x="-1" y="2.74"/><vertex x="-1" y="3"/><vertex x="-1.25" y="3"/><vertex x="-1.25" y="2.74"/></polygon><polygon width="0.4604" layer="29"><vertex x="1.25" y="2.74"/><vertex x="1.25" y="3"/><vertex x="1" y="3"/><vertex x="1" y="2.74"/><vertex x="-1" y="2.74"/><vertex x="-1" y="3"/><vertex x="-1.25" y="3"/><vertex x="-1.25" y="2.74"/></polygon><polygon width="0.4604" layer="31"><vertex x="1.25" y="2.74"/><vertex x="1.25" y="3"/><vertex x="1" y="3"/><vertex x="1" y="2.74"/></polygon><polygon width="0.4604" layer="31"><vertex x="-1" y="2.74"/><vertex x="-1" y="3"/><vertex x="-1.25" y="3"/><vertex x="-1.25" y="2.74"/></polygon><polygon width="0.4604" layer="1"><vertex x="1.25" y="-2.74"/><vertex x="1.25" y="-3"/><vertex x="1" y="-3"/><vertex x="1" y="-2.74"/><vertex x="-1" y="-2.74"/><vertex x="-1" y="-3"/><vertex x="-1.25" y="-3"/><vertex x="-1.25" y="-2.74"/></polygon><polygon width="0.4604" layer="29"><vertex x="1.25" y="-2.74"/><vertex x="1.25" y="-3"/><vertex x="1" y="-3"/><vertex x="1" y="-2.74"/><vertex x="-1" y="-2.74"/><vertex x="-1" y="-3"/><vertex x="-1.25" y="-3"/><vertex x="-1.25" y="-2.74"/></polygon><polygon width="0.4604" layer="31"><vertex x="1.25" y="-2.74"/><vertex x="1.25" y="-3"/><vertex x="1" y="-3"/><vertex x="1" y="-2.74"/></polygon><polygon width="0.4604" layer="31"><vertex x="-1" y="-2.74"/><vertex x="-1" y="-3"/><vertex x="-1.25" y="-3"/><vertex x="-1.25" y="-2.74"/></polygon><wire layer="21" width="0.1524" y2="3" x2="-2.25" y1="3" x1="-1.8276"/><wire layer="21" width="0.1524" y2="-3" x2="2.25" y1="-3" x1="1.8276"/><wire layer="25" width="0" y2="3" x2="-0.98" y1="1.73" x1="-2.25"/><wire layer="21" width="0.1524" y2="-3" x2="-1.8276" y1="-3" x1="-2.25"/><wire layer="21" width="0.1524" y2="3" x2="1.8276" y1="3" x1="2.25"/><wire layer="25" width="0" y2="-3" x2="2.25" y1="-3" x1="-2.25"/><wire layer="25" width="0" y2="3" x2="2.25" y1="-3" x1="2.25"/><wire layer="25" width="0" y2="3" x2="-2.25" y1="3" x1="2.25"/><wire layer="25" width="0" y2="-3" x2="-2.25" y1="3" x1="-2.25"/></package><package name="GRM21BR61E475KA12L"><smd layer="1" dx="1.1176" dy="1.4478" y="0" x="-0.9017" name="1"/><smd layer="1" dx="1.1176" dy="1.4478" y="0" x="0.9017" name="2"/><wire layer="25" width="0" y2="0.7239" x2="-0.3429" y1="-0.7239" x1="-0.3429"/><wire layer="25" width="0" y2="0.7239" x2="-1.1049" y1="0.7239" x1="-0.3429"/><wire layer="25" width="0" y2="-0.7239" x2="-1.1049" y1="0.7239" x1="-1.1049"/><wire layer="25" width="0" y2="-0.7239" x2="-0.3429" y1="-0.7239" x1="-1.1049"/><wire layer="25" width="0" y2="-0.7239" x2="0.3429" y1="0.7239" x1="0.3429"/><wire layer="25" width="0" y2="-0.7239" x2="1.1049" y1="-0.7239" x1="0.3429"/><wire layer="25" width="0" y2="0.7239" x2="1.1049" y1="-0.7239" x1="1.1049"/><wire layer="25" width="0" y2="0.7239" x2="0.3429" y1="0.7239" x1="1.1049"/><wire layer="25" width="0" y2="-0.7239" x2="1.1049" y1="-0.7239" x1="-1.1049"/><wire layer="25" width="0" y2="0.7239" x2="1.1049" y1="-0.7239" x1="1.1049"/><wire layer="25" width="0" y2="0.7239" x2="-1.1049" y1="0.7239" x1="1.1049"/><wire layer="25" width="0" y2="-0.7239" x2="-1.1049" y1="0.7239" x1="-1.1049"/></package><package name="CL21C102JBCNFNC"><smd layer="1" dx="1.1176" dy="1.4478" y="0" x="-0.9017" name="1"/><smd layer="1" dx="1.1176" dy="1.4478" y="0" x="0.9017" name="2"/><wire layer="25" width="0" y2="0.7239" x2="-0.3429" y1="-0.7239" x1="-0.3429"/><wire layer="25" width="0" y2="0.7239" x2="-1.1049" y1="0.7239" x1="-0.3429"/><wire layer="25" width="0" y2="-0.7239" x2="-1.1049" y1="0.7239" x1="-1.1049"/><wire layer="25" width="0" y2="-0.7239" x2="-0.3429" y1="-0.7239" x1="-1.1049"/><wire layer="25" width="0" y2="-0.7239" x2="0.3429" y1="0.7239" x1="0.3429"/><wire layer="25" width="0" y2="-0.7239" x2="1.1049" y1="-0.7239" x1="0.3429"/><wire layer="25" width="0" y2="0.7239" x2="1.1049" y1="-0.7239" x1="1.1049"/><wire layer="25" width="0" y2="0.7239" x2="0.3429" y1="0.7239" x1="1.1049"/><wire layer="25" width="0" y2="-0.7239" x2="1.1049" y1="-0.7239" x1="-1.1049"/><wire layer="25" width="0" y2="0.7239" x2="1.1049" y1="-0.7239" x1="1.1049"/><wire layer="25" width="0" y2="0.7239" x2="-1.1049" y1="0.7239" x1="1.1049"/><wire layer="25" width="0" y2="-0.7239" x2="-1.1049" y1="0.7239" x1="-1.1049"/></package><package name="C0805C222K5RACTU"><smd layer="1" dx="1.1176" dy="1.4478" y="0" x="-0.9017" name="1"/><smd layer="1" dx="1.1176" dy="1.4478" y="0" x="0.9017" name="2"/><wire layer="25" width="0" y2="0.7239" x2="-0.3429" y1="-0.7239" x1="-0.3429"/><wire layer="25" width="0" y2="0.7239" x2="-1.1049" y1="0.7239" x1="-0.3429"/><wire layer="25" width="0" y2="-0.7239" x2="-1.1049" y1="0.7239" x1="-1.1049"/><wire layer="25" width="0" y2="-0.7239" x2="-0.3429" y1="-0.7239" x1="-1.1049"/><wire layer="25" width="0" y2="-0.7239" x2="0.3429" y1="0.7239" x1="0.3429"/><wire layer="25" width="0" y2="-0.7239" x2="1.1049" y1="-0.7239" x1="0.3429"/><wire layer="25" width="0" y2="0.7239" x2="1.1049" y1="-0.7239" x1="1.1049"/><wire layer="25" width="0" y2="0.7239" x2="0.3429" y1="0.7239" x1="1.1049"/><wire layer="25" width="0" y2="-0.7239" x2="1.1049" y1="-0.7239" x1="-1.1049"/><wire layer="25" width="0" y2="0.7239" x2="1.1049" y1="-0.7239" x1="1.1049"/><wire layer="25" width="0" y2="0.7239" x2="-1.1049" y1="0.7239" x1="1.1049"/><wire layer="25" width="0" y2="-0.7239" x2="-1.1049" y1="0.7239" x1="-1.1049"/></package><package name="GRM219R71E105KA88D"><smd layer="1" dx="1.1176" dy="1.4478" y="0" x="-0.9017" name="1"/><smd layer="1" dx="1.1176" dy="1.4478" y="0" x="0.9017" name="2"/><wire layer="25" width="0" y2="0.7239" x2="-0.3429" y1="-0.7239" x1="-0.3429"/><wire layer="25" width="0" y2="0.7239" x2="-1.1049" y1="0.7239" x1="-0.3429"/><wire layer="25" width="0" y2="-0.7239" x2="-1.1049" y1="0.7239" x1="-1.1049"/><wire layer="25" width="0" y2="-0.7239" x2="-0.3429" y1="-0.7239" x1="-1.1049"/><wire layer="25" width="0" y2="-0.7239" x2="0.3429" y1="0.7239" x1="0.3429"/><wire layer="25" width="0" y2="-0.7239" x2="1.1049" y1="-0.7239" x1="0.3429"/><wire layer="25" width="0" y2="0.7239" x2="1.1049" y1="-0.7239" x1="1.1049"/><wire layer="25" width="0" y2="0.7239" x2="0.3429" y1="0.7239" x1="1.1049"/><wire layer="25" width="0" y2="-0.7239" x2="1.1049" y1="-0.7239" x1="-1.1049"/><wire layer="25" width="0" y2="0.7239" x2="1.1049" y1="-0.7239" x1="1.1049"/><wire layer="25" width="0" y2="0.7239" x2="-1.1049" y1="0.7239" x1="1.1049"/><wire layer="25" width="0" y2="-0.7239" x2="-1.1049" y1="0.7239" x1="-1.1049"/></package><package name="ERJ-6ENF1781V"><smd layer="1" dx="1.1176" dy="1.4478" y="0" x="-0.9017" name="1"/><smd layer="1" dx="1.1176" dy="1.4478" y="0" x="0.9017" name="2"/><wire layer="25" width="0" y2="0.7239" x2="-0.3429" y1="-0.7239" x1="-0.3429"/><wire layer="25" width="0" y2="0.7239" x2="-1.1049" y1="0.7239" x1="-0.3429"/><wire layer="25" width="0" y2="-0.7239" x2="-1.1049" y1="0.7239" x1="-1.1049"/><wire layer="25" width="0" y2="-0.7239" x2="-0.3429" y1="-0.7239" x1="-1.1049"/><wire layer="25" width="0" y2="-0.7239" x2="0.3429" y1="0.7239" x1="0.3429"/><wire layer="25" width="0" y2="-0.7239" x2="1.1049" y1="-0.7239" x1="0.3429"/><wire layer="25" width="0" y2="0.7239" x2="1.1049" y1="-0.7239" x1="1.1049"/><wire layer="25" width="0" y2="0.7239" x2="0.3429" y1="0.7239" x1="1.1049"/><wire layer="25" width="0" y2="-0.7239" x2="1.1049" y1="-0.7239" x1="-1.1049"/><wire layer="25" width="0" y2="0.7239" x2="1.1049" y1="-0.7239" x1="1.1049"/><wire layer="25" width="0" y2="0.7239" x2="-1.1049" y1="0.7239" x1="1.1049"/><wire layer="25" width="0" y2="-0.7239" x2="-1.1049" y1="0.7239" x1="-1.1049"/></package><package name="ERJ-6ENF1003V"><smd layer="1" dx="1.1176" dy="1.4478" y="0" x="-0.9017" name="1"/><smd layer="1" dx="1.1176" dy="1.4478" y="0" x="0.9017" name="2"/><wire layer="25" width="0" y2="0.7239" x2="-0.3429" y1="-0.7239" x1="-0.3429"/><wire layer="25" width="0" y2="0.7239" x2="-1.1049" y1="0.7239" x1="-0.3429"/><wire layer="25" width="0" y2="-0.7239" x2="-1.1049" y1="0.7239" x1="-1.1049"/><wire layer="25" width="0" y2="-0.7239" x2="-0.3429" y1="-0.7239" x1="-1.1049"/><wire layer="25" width="0" y2="-0.7239" x2="0.3429" y1="0.7239" x1="0.3429"/><wire layer="25" width="0" y2="-0.7239" x2="1.1049" y1="-0.7239" x1="0.3429"/><wire layer="25" width="0" y2="0.7239" x2="1.1049" y1="-0.7239" x1="1.1049"/><wire layer="25" width="0" y2="0.7239" x2="0.3429" y1="0.7239" x1="1.1049"/><wire layer="25" width="0" y2="-0.7239" x2="1.1049" y1="-0.7239" x1="-1.1049"/><wire layer="25" width="0" y2="0.7239" x2="1.1049" y1="-0.7239" x1="1.1049"/><wire layer="25" width="0" y2="0.7239" x2="-1.1049" y1="0.7239" x1="1.1049"/><wire layer="25" width="0" y2="-0.7239" x2="-1.1049" y1="0.7239" x1="-1.1049"/></package><package name="CRCW08055R11FKEA"><smd layer="1" dx="1.1176" dy="1.4478" y="0" x="-0.9017" name="1"/><smd layer="1" dx="1.1176" dy="1.4478" y="0" x="0.9017" name="2"/><wire layer="25" width="0" y2="0.7239" x2="-0.3429" y1="-0.7239" x1="-0.3429"/><wire layer="25" width="0" y2="0.7239" x2="-1.1049" y1="0.7239" x1="-0.3429"/><wire layer="25" width="0" y2="-0.7239" x2="-1.1049" y1="0.7239" x1="-1.1049"/><wire layer="25" width="0" y2="-0.7239" x2="-0.3429" y1="-0.7239" x1="-1.1049"/><wire layer="25" width="0" y2="-0.7239" x2="0.3429" y1="0.7239" x1="0.3429"/><wire layer="25" width="0" y2="-0.7239" x2="1.1049" y1="-0.7239" x1="0.3429"/><wire layer="25" width="0" y2="0.7239" x2="1.1049" y1="-0.7239" x1="1.1049"/><wire layer="25" width="0" y2="0.7239" x2="0.3429" y1="0.7239" x1="1.1049"/><wire layer="25" width="0" y2="-0.7239" x2="1.1049" y1="-0.7239" x1="-1.1049"/><wire layer="25" width="0" y2="0.7239" x2="1.1049" y1="-0.7239" x1="1.1049"/><wire layer="25" width="0" y2="0.7239" x2="-1.1049" y1="0.7239" x1="1.1049"/><wire layer="25" width="0" y2="-0.7239" x2="-1.1049" y1="0.7239" x1="-1.1049"/></package><package name="CRCW08051R00FKEA"><smd layer="1" dx="1.1176" dy="1.4478" y="0" x="-0.9017" name="1"/><smd layer="1" dx="1.1176" dy="1.4478" y="0" x="0.9017" name="2"/><wire layer="25" width="0" y2="0.7239" x2="-0.3429" y1="-0.7239" x1="-0.3429"/><wire layer="25" width="0" y2="0.7239" x2="-1.1049" y1="0.7239" x1="-0.3429"/><wire layer="25" width="0" y2="-0.7239" x2="-1.1049" y1="0.7239" x1="-1.1049"/><wire layer="25" width="0" y2="-0.7239" x2="-0.3429" y1="-0.7239" x1="-1.1049"/><wire layer="25" width="0" y2="-0.7239" x2="0.3429" y1="0.7239" x1="0.3429"/><wire layer="25" width="0" y2="-0.7239" x2="1.1049" y1="-0.7239" x1="0.3429"/><wire layer="25" width="0" y2="0.7239" x2="1.1049" y1="-0.7239" x1="1.1049"/><wire layer="25" width="0" y2="0.7239" x2="0.3429" y1="0.7239" x1="1.1049"/><wire layer="25" width="0" y2="-0.7239" x2="1.1049" y1="-0.7239" x1="-1.1049"/><wire layer="25" width="0" y2="0.7239" x2="1.1049" y1="-0.7239" x1="1.1049"/><wire layer="25" width="0" y2="0.7239" x2="-1.1049" y1="0.7239" x1="1.1049"/><wire layer="25" width="0" y2="-0.7239" x2="-1.1049" y1="0.7239" x1="-1.1049"/></package><package name="CL10C122JB8NNNC"><smd layer="1" dx="0.6604" dy="0.9652" y="0" x="-0.6985" name="1"/><smd layer="1" dx="0.6604" dy="0.9652" y="0" x="0.6985" name="2"/><wire layer="25" width="0" y2="0.4826" x2="-0.3683" y1="-0.4826" x1="-0.3683"/><wire layer="25" width="0" y2="0.4826" x2="-0.8763" y1="0.4826" x1="-0.3683"/><wire layer="25" width="0" y2="-0.4826" x2="-0.8763" y1="0.4826" x1="-0.8763"/><wire layer="25" width="0" y2="-0.4826" x2="-0.3683" y1="-0.4826" x1="-0.8763"/><wire layer="25" width="0" y2="-0.4826" x2="0.3683" y1="0.4826" x1="0.3683"/><wire layer="25" width="0" y2="-0.4826" x2="0.8763" y1="-0.4826" x1="0.3683"/><wire layer="25" width="0" y2="0.4826" x2="0.8763" y1="-0.4826" x1="0.8763"/><wire layer="25" width="0" y2="0.4826" x2="0.3683" y1="0.4826" x1="0.8763"/><wire layer="25" width="0" y2="-0.4826" x2="0.8763" y1="-0.4826" x1="-0.8763"/><wire layer="25" width="0" y2="0.4826" x2="0.8763" y1="-0.4826" x1="0.8763"/><wire layer="25" width="0" y2="0.4826" x2="-0.8763" y1="0.4826" x1="0.8763"/><wire layer="25" width="0" y2="-0.4826" x2="-0.8763" y1="0.4826" x1="-0.8763"/></package><package name="RC0603FR-0733KL"><smd layer="1" dx="0.6604" dy="0.9652" y="0" x="-0.6985" name="1"/><smd layer="1" dx="0.6604" dy="0.9652" y="0" x="0.6985" name="2"/><wire layer="25" width="0" y2="0.4826" x2="-0.3683" y1="-0.4826" x1="-0.3683"/><wire layer="25" width="0" y2="0.4826" x2="-0.8763" y1="0.4826" x1="-0.3683"/><wire layer="25" width="0" y2="-0.4826" x2="-0.8763" y1="0.4826" x1="-0.8763"/><wire layer="25" width="0" y2="-0.4826" x2="-0.3683" y1="-0.4826" x1="-0.8763"/><wire layer="25" width="0" y2="-0.4826" x2="0.3683" y1="0.4826" x1="0.3683"/><wire layer="25" width="0" y2="-0.4826" x2="0.8763" y1="-0.4826" x1="0.3683"/><wire layer="25" width="0" y2="0.4826" x2="0.8763" y1="-0.4826" x1="0.8763"/><wire layer="25" width="0" y2="0.4826" x2="0.3683" y1="0.4826" x1="0.8763"/><wire layer="25" width="0" y2="-0.4826" x2="0.8763" y1="-0.4826" x1="-0.8763"/><wire layer="25" width="0" y2="0.4826" x2="0.8763" y1="-0.4826" x1="0.8763"/><wire layer="25" width="0" y2="0.4826" x2="-0.8763" y1="0.4826" x1="0.8763"/><wire layer="25" width="0" y2="-0.4826" x2="-0.8763" y1="0.4826" x1="-0.8763"/></package><package name="RC0603FR-0722KL"><smd layer="1" dx="0.6604" dy="0.9652" y="0" x="-0.6985" name="1"/><smd layer="1" dx="0.6604" dy="0.9652" y="0" x="0.6985" name="2"/><wire layer="25" width="0" y2="0.4826" x2="-0.3683" y1="-0.4826" x1="-0.3683"/><wire layer="25" width="0" y2="0.4826" x2="-0.8763" y1="0.4826" x1="-0.3683"/><wire layer="25" width="0" y2="-0.4826" x2="-0.8763" y1="0.4826" x1="-0.8763"/><wire layer="25" width="0" y2="-0.4826" x2="-0.3683" y1="-0.4826" x1="-0.8763"/><wire layer="25" width="0" y2="-0.4826" x2="0.3683" y1="0.4826" x1="0.3683"/><wire layer="25" width="0" y2="-0.4826" x2="0.8763" y1="-0.4826" x1="0.3683"/><wire layer="25" width="0" y2="0.4826" x2="0.8763" y1="-0.4826" x1="0.8763"/><wire layer="25" width="0" y2="0.4826" x2="0.3683" y1="0.4826" x1="0.8763"/><wire layer="25" width="0" y2="-0.4826" x2="0.8763" y1="-0.4826" x1="-0.8763"/><wire layer="25" width="0" y2="0.4826" x2="0.8763" y1="-0.4826" x1="0.8763"/><wire layer="25" width="0" y2="0.4826" x2="-0.8763" y1="0.4826" x1="0.8763"/><wire layer="25" width="0" y2="-0.4826" x2="-0.8763" y1="0.4826" x1="-0.8763"/></package><package name="CRCW04023K24FKED"><smd layer="1" dx="0.5588" dy="0.6096" y="0" x="-0.4191" name="1"/><smd layer="1" dx="0.5588" dy="0.6096" y="0" x="0.4191" name="2"/><wire layer="25" width="0" y2="0.3048" x2="-0.1397" y1="-0.3048" x1="-0.1397"/><wire layer="25" width="0" y2="0.3048" x2="-0.5461" y1="0.3048" x1="-0.1397"/><wire layer="25" width="0" y2="-0.3048" x2="-0.5461" y1="0.3048" x1="-0.5461"/><wire layer="25" width="0" y2="-0.3048" x2="-0.1397" y1="-0.3048" x1="-0.5461"/><wire layer="25" width="0" y2="-0.3048" x2="0.1397" y1="0.3048" x1="0.1397"/><wire layer="25" width="0" y2="-0.3048" x2="0.5461" y1="-0.3048" x1="0.1397"/><wire layer="25" width="0" y2="0.3048" x2="0.5461" y1="-0.3048" x1="0.5461"/><wire layer="25" width="0" y2="0.3048" x2="0.1397" y1="0.3048" x1="0.5461"/><wire layer="25" width="0" y2="-0.3048" x2="0.5461" y1="-0.3048" x1="-0.5461"/><wire layer="25" width="0" y2="0.3048" x2="0.5461" y1="-0.3048" x1="0.5461"/><wire layer="25" width="0" y2="0.3048" x2="-0.5461" y1="0.3048" x1="0.5461"/><wire layer="25" width="0" y2="-0.3048" x2="-0.5461" y1="0.3048" x1="-0.5461"/></package><package name="CRCW04023K57FKED"><smd layer="1" dx="0.5588" dy="0.6096" y="0" x="-0.4191" name="1"/><smd layer="1" dx="0.5588" dy="0.6096" y="0" x="0.4191" name="2"/><wire layer="25" width="0" y2="0.3048" x2="-0.1397" y1="-0.3048" x1="-0.1397"/><wire layer="25" width="0" y2="0.3048" x2="-0.5461" y1="0.3048" x1="-0.1397"/><wire layer="25" width="0" y2="-0.3048" x2="-0.5461" y1="0.3048" x1="-0.5461"/><wire layer="25" width="0" y2="-0.3048" x2="-0.1397" y1="-0.3048" x1="-0.5461"/><wire layer="25" width="0" y2="-0.3048" x2="0.1397" y1="0.3048" x1="0.1397"/><wire layer="25" width="0" y2="-0.3048" x2="0.5461" y1="-0.3048" x1="0.1397"/><wire layer="25" width="0" y2="0.3048" x2="0.5461" y1="-0.3048" x1="0.5461"/><wire layer="25" width="0" y2="0.3048" x2="0.1397" y1="0.3048" x1="0.5461"/><wire layer="25" width="0" y2="-0.3048" x2="0.5461" y1="-0.3048" x1="-0.5461"/><wire layer="25" width="0" y2="0.3048" x2="0.5461" y1="-0.3048" x1="0.5461"/><wire layer="25" width="0" y2="0.3048" x2="-0.5461" y1="0.3048" x1="0.5461"/><wire layer="25" width="0" y2="-0.3048" x2="-0.5461" y1="0.3048" x1="-0.5461"/></package></packages></library></libraries><designrules name="custom"><param name="layerSetup" value="((1*2)+(15*16))"/></designrules><elements><element rot="SMR90" y="75.3364" x="47.625" value="" package="0805" library="ultra-librarian" name="Cboot"><attribute align="bottom-left" display="value" layer="51" size="1.778" y="74.803" x="45.8216" value="Cboot" name="RefDes"/><attribute align="bottom-left" display="off" layer="51" size="1.778" y="74.803" x="45.8216" value="C0805C104K5RACTU" name="Type"/></element><element rot="SR270" y="71.8058" x="62.8396" value="" package="0805" library="ultra-librarian" name="Cbyp"><attribute align="bottom-left" display="value" rot="R90" layer="51" size="1.778" y="75.0062" x="65.278" value="Cbyp" name="RefDes"/><attribute align="bottom-left" display="off" rot="R90" layer="51" size="1.778" y="75.0062" x="65.278" value="GRM21BR61E475KA12L" name="Type"/></element><element rot="SR270" y="81.3308" x="51.6636" value="" package="0603" library="ultra-librarian" name="Ccomp"><attribute align="bottom-left" display="value" rot="R90" layer="51" size="1.778" y="83.7184" x="52.2986" value="Ccomp" name="RefDes"/><attribute align="bottom-left" display="off" rot="R90" layer="51" size="1.778" y="83.7184" x="52.2986" value="C0603C682K5RACTU" name="Type"/></element><element rot="SR180" y="78.0034" x="48.4886" value="" package="0603" library="ultra-librarian" name="CComp2"><attribute align="bottom-left" display="value" layer="51" size="1.778" y="75.7174" x="41.91" value="CComp2" name="RefDes"/><attribute align="bottom-left" display="off" layer="51" size="1.778" y="75.7174" x="41.91" value="CL10C122JB8NNNC" name="Type"/></element><element rot="SR270" y="81.3308" x="43.8912" value="" package="0805" library="ultra-librarian" name="Ccomp3"><attribute align="bottom-left" display="value" rot="R90" layer="51" size="1.778" y="83.7184" x="44.3992" value="Ccomp3" name="RefDes"/><attribute align="bottom-left" display="off" rot="R90" layer="51" size="1.778" y="83.7184" x="44.3992" value="CL21C102JBCNFNC" name="Type"/></element><element rot="SR180" y="64.4652" x="64.4398" value="" package="1206" library="ultra-librarian" name="Cin"><attribute align="bottom-left" display="value" layer="51" size="1.778" y="60.4012" x="72.3646" value="Cin" name="RefDes"/><attribute align="bottom-left" display="off" layer="51" size="1.778" y="60.4012" x="72.3646" value="C3216X5R1E476M160AC" name="Type"/></element><element rot="SR180" y="66.929" x="56.2356" value="" package="0805" library="ultra-librarian" name="Cinx"><attribute align="bottom-left" display="value" layer="51" size="1.778" y="64.1604" x="57.2516" value="Cinx" name="RefDes"/><attribute align="bottom-left" display="off" layer="51" size="1.778" y="64.1604" x="57.2516" value="GRM219R71E105KA88D" name="Type"/></element><element y="50.5968" x="49.9618" value="" package="1210_280" library="ultra-librarian" name="Cout_1"/><element y="47.3456" x="49.9618" value="" package="1210_280" library="ultra-librarian" name="Cout_2"/><element y="44.0944" x="49.9618" value="" package="1210_280" library="ultra-librarian" name="Cout_3"/><element y="62.992" x="52.7304" value="" package="0805" library="ultra-librarian" name="Csnubber"><attribute align="bottom-left" display="value" rot="R90" layer="51" size="1.778" y="53.8988" x="54.7116" value="Csnubber" name="RefDes"/><attribute align="bottom-left" display="off" rot="R90" layer="51" size="1.778" y="53.8988" x="54.7116" value="C0805C222K5RACTU" name="Type"/></element><element rot="R90" y="79.0194" x="58.3184" value="" package="0402" library="ultra-librarian" name="Css"><attribute align="bottom-left" display="value" rot="R90" layer="51" size="1.778" y="78.1812" x="56.8706" value="Css" name="RefDes"/><attribute align="bottom-left" display="off" rot="R90" layer="51" size="1.778" y="78.1812" x="56.8706" value="GRM155R71C153KA01D" name="Type"/></element><element rot="SR270" y="71.8058" x="65.2272" value="" package="0805" library="ultra-librarian" name="Cvcc"><attribute align="bottom-left" display="value" rot="R90" layer="51" size="1.778" y="74.9554" x="67.2846" value="Cvcc" name="RefDes"/><attribute align="bottom-left" display="off" rot="R90" layer="51" size="1.778" y="74.9554" x="67.2846" value="GRM219R71E105KA88D" name="Type"/></element><element y="28.3718" x="60.6806" value="" package="TP-1502" library="ultra-librarian" name="GND"><attribute align="bottom-left" display="value" layer="51" size="1.778" y="31.2166" x="58.8264" value="GND" name="RefDes"/><attribute align="bottom-left" display="off" layer="51" size="1.778" y="31.2166" x="58.8264" value="TP-1502" name="Type"/></element><element y="28.3718" x="53.1876" value="" package="TP-1502" library="ultra-librarian" name="GND1"><attribute align="bottom-left" display="value" layer="51" size="1.778" y="31.496" x="51.3588" value="GND1" name="RefDes"/><attribute align="bottom-left" display="off" layer="51" size="1.778" y="31.496" x="51.3588" value="TP-1502" name="Type"/></element><element rot="SR270" y="63.3476" x="45.8978" value="" package="CDEP63" library="ultra-librarian" name="L1"><attribute align="bottom-left" display="value" layer="51" size="1.778" y="71.5264" x="35.0774" value="L1" name="RefDes"/><attribute align="bottom-left" display="off" layer="51" size="1.778" y="71.5264" x="35.0774" value="CDEP63MENP-R68MC" name="Type"/></element><element rot="R90" y="81.3308" x="48.9712" value="" package="0402" library="ultra-librarian" name="Rcomp"><attribute align="bottom-left" display="value" rot="R90" layer="51" size="1.778" y="84.1248" x="49.7078" value="Rcomp" name="RefDes"/><attribute align="bottom-left" display="off" rot="R90" layer="51" size="1.778" y="84.1248" x="49.7078" value="CRCW04023K24FKED" name="Type"/></element><element y="78.0034" x="44.5262" value="" package="0402" library="ultra-librarian" name="Rcomp2"><attribute align="bottom-left" display="value" layer="51" size="1.778" y="77.4446" x="36.8554" value="Rcomp2" name="RefDes"/><attribute align="bottom-left" display="off" layer="51" size="1.778" y="77.4446" x="36.8554" value="CRCW04023K57FKED" name="Type"/></element><element y="78.0034" x="52.578" value="" package="0603" library="ultra-librarian" name="Rfbb"><attribute align="bottom-left" display="value" layer="51" size="1.778" y="79.629" x="53.34" value="Rfbb" name="RefDes"/><attribute align="bottom-left" display="off" layer="51" size="1.778" y="79.629" x="53.34" value="RC0603FR-0733KL" name="Type"/></element><element rot="SR270" y="81.2292" x="46.5328" value="" package="0603" library="ultra-librarian" name="Rfbt"><attribute align="bottom-left" display="value" rot="R90" layer="51" size="1.778" y="83.9724" x="46.99" value="Rfbt" name="RefDes"/><attribute align="bottom-left" display="off" rot="R90" layer="51" size="1.778" y="83.9724" x="46.99" value="RC0603FR-0722KL" name="Type"/></element><element rot="SR270" y="71.7804" x="60.5282" value="" package="0805" library="ultra-librarian" name="Rocset"><attribute align="bottom-left" display="value" rot="R90" layer="51" size="1.778" y="74.8538" x="63.5" value="Rocset" name="RefDes"/><attribute align="bottom-left" display="off" rot="R90" layer="51" size="1.778" y="74.8538" x="63.5" value="ERJ-6ENF1781V" name="Type"/></element><element rot="SMR90" y="76.6572" x="58.4962" value="" package="0805" library="ultra-librarian" name="Rpgood"><attribute align="bottom-left" display="value" layer="51" size="1.778" y="76.2" x="66.8274" value="Rpgood" name="RefDes"/><attribute align="bottom-left" display="off" layer="51" size="1.778" y="76.2" x="66.8274" value="ERJ-6ENF1003V" name="Type"/></element><element rot="MR270" y="75.5396" x="50.165" value="" package="0805" library="ultra-librarian" name="Rramp"><attribute align="bottom-left" display="value" layer="51" size="1.778" y="77.47" x="55.5244" value="Rramp" name="RefDes"/><attribute align="bottom-left" display="off" layer="51" size="1.778" y="77.47" x="55.5244" value="CRCW08055R11FKEA" name="Type"/></element><element rot="R90" y="66.3702" x="51.3842" value="" package="0805" library="ultra-librarian" name="Rsnubber"><attribute align="bottom-left" display="value" rot="R90" layer="51" size="1.778" y="61.5188" x="50.0634" value="Rsnubber" name="RefDes"/><attribute align="bottom-left" display="off" rot="R90" layer="51" size="1.778" y="61.5188" x="50.0634" value="CRCW08051R00FKEA" name="Type"/></element><element y="72.5932" x="54.4576" value="" package="R-PSON-N22" library="ultra-librarian" name="U1"><attribute align="bottom-left" display="value" layer="51" size="1.778" y="76.7588" x="54.737" value="U1" name="RefDes"/><attribute align="bottom-left" display="off" layer="51" size="1.778" y="76.7588" x="54.737" value="TPS56121DQPR" name="Type"/></element><element y="28.2956" x="71.0946" value="" package="TP-1502" library="ultra-librarian" name="VIN"><attribute align="bottom-left" display="value" layer="51" size="1.778" y="31.3944" x="68.9102" value="VIN" name="RefDes"/><attribute align="bottom-left" display="off" layer="51" size="1.778" y="31.3944" x="68.9102" value="TP-1502" name="Type"/></element><element y="28.448" x="43.1292" value="" package="TP-1502" library="ultra-librarian" name="VOUT"><attribute align="bottom-left" display="value" layer="51" size="1.778" y="31.5214" x="40.9702" value="VOUT" name="RefDes"/><attribute align="bottom-left" display="off" layer="51" size="1.778" y="31.5214" x="40.9702" value="TP-1502" name="Type"/></element></elements><signals><signal name="8"><wire layer="1" width="0.254" y2="30.861" x2="43.18" y1="28.448" x1="43.18"/><wire layer="1" width="0.254" y2="38.0746" x2="48.895" y1="38.735" x1="48.26"/><wire layer="1" width="0.254" y2="50.1142" x2="48.26" y1="38.735" x1="48.26"/><wire layer="1" width="0.254" y2="56.8452" x2="48.26" y1="58.2168" x1="46.863"/><wire layer="1" width="0.254" y2="56.8452" x2="48.26" y1="50.1142" x1="48.26"/><wire layer="1" width="0.254" y2="58.2168" x2="46.863" y1="58.2168" x1="41.656"/><wire layer="1" width="0.254" y2="83.4898" x2="46.482" y1="82.1944" x1="46.482"/><wire layer="1" width="0.254" y2="82.1944" x2="46.482" y1="82.1944" x1="43.942"/><wire layer="1" width="0.254" y2="38.0746" x2="48.895" y1="32.4866" x1="48.895"/><wire layer="1" width="0.254" y2="32.4866" x2="48.895" y1="32.4866" x1="44.8056"/><wire layer="1" width="0.254" y2="32.4866" x2="44.8056" y1="30.861" x1="43.18"/><wire layer="1" width="0.254" y2="82.6516" x2="43.9293" y1="81.7118" x1="43.9293"/><wire layer="1" width="0.254" y2="82.6516" x2="46.4693" y1="81.7118" x1="46.4693"/><wire layer="1" width="0.254" y2="51.3334" x2="48.26" y1="48.895" x1="48.26"/><polygon spacing="0.254" layer="1" width="0" rank="4"><vertex y="26.035" x="33.655"/><vertex y="26.035" x="49.657"/><vertex y="63.373" x="49.657"/><vertex y="63.373" x="28.575"/><vertex y="52.959" x="28.575"/><vertex y="52.959" x="33.655"/></polygon><polygon spacing="0.254" layer="16" width="0" rank="3"><vertex y="26.035" x="33.655"/><vertex y="26.035" x="49.657"/><vertex y="63.373" x="49.657"/><vertex y="63.373" x="28.575"/><vertex y="52.959" x="28.575"/><vertex y="52.959" x="33.655"/></polygon><wire layer="3" width="0.254" y2="28.448" x2="43.18" y1="28.448" x1="28.956"/><wire layer="3" width="0.254" y2="28.448" x2="28.956" y1="30.099" x1="27.305"/><wire layer="3" width="0.254" y2="75.1332" x2="27.305" y1="30.099" x1="27.305"/><wire layer="3" width="0.254" y2="83.4898" x2="46.482" y1="83.4898" x1="35.6616"/><wire layer="3" width="0.254" y2="83.4898" x2="35.6616" y1="75.1332" x1="27.305"/><polygon spacing="0.254" layer="2" width="0" rank="2"><vertex y="26.035" x="33.655"/><vertex y="26.035" x="49.657"/><vertex y="63.373" x="49.657"/><vertex y="63.373" x="28.575"/><vertex y="52.959" x="28.575"/><vertex y="52.959" x="33.655"/></polygon><polygon spacing="0.254" layer="3" width="0" rank="3"><vertex y="26.035" x="33.655"/><vertex y="26.035" x="49.657"/><vertex y="63.373" x="49.657"/><vertex y="63.373" x="28.575"/><vertex y="52.959" x="28.575"/><vertex y="52.959" x="33.655"/></polygon><via shape="round" drill="0.254" diameter="0.5588" extent="1-16" y="62.23" x="41.656"/><via shape="round" drill="0.254" diameter="0.5588" extent="1-16" y="83.4898" x="46.482"/><via shape="round" drill="0.254" diameter="0.5588" extent="1-16" y="62.23" x="43.561"/><via shape="round" drill="0.254" diameter="0.5588" extent="1-16" y="62.23" x="42.291"/><via shape="round" drill="0.254" diameter="0.5588" extent="1-16" y="62.23" x="40.386"/><via shape="round" drill="0.254" diameter="0.5588" extent="1-16" y="62.23" x="39.751"/><via shape="round" drill="0.254" diameter="0.5588" extent="1-16" y="62.23" x="39.116"/><via shape="round" drill="0.254" diameter="0.5588" extent="1-16" y="62.23" x="48.006"/><via shape="round" drill="0.254" diameter="0.5588" extent="1-16" y="46.0502" x="42.799"/><via shape="round" drill="0.254" diameter="0.5588" extent="1-16" y="45.4152" x="42.799"/><via shape="round" drill="0.254" diameter="0.5588" extent="1-16" y="44.7802" x="42.799"/><via shape="round" drill="0.254" diameter="0.5588" extent="1-16" y="44.1452" x="42.799"/><via shape="round" drill="0.254" diameter="0.5588" extent="1-16" y="43.5102" x="42.799"/><via shape="round" drill="0.254" diameter="0.5588" extent="1-16" y="42.8752" x="42.799"/><via shape="round" drill="0.254" diameter="0.5588" extent="1-16" y="42.2402" x="42.799"/><via shape="round" drill="0.254" diameter="0.5588" extent="1-16" y="41.6052" x="42.799"/><via shape="round" drill="0.254" diameter="0.5588" extent="1-16" y="40.9702" x="42.799"/><via shape="round" drill="0.254" diameter="0.5588" extent="1-16" y="40.3352" x="42.799"/><via shape="round" drill="0.254" diameter="0.5588" extent="1-16" y="48.5902" x="42.799"/><via shape="round" drill="0.254" diameter="0.5588" extent="1-16" y="47.9552" x="42.799"/><via shape="round" drill="0.254" diameter="0.5588" extent="1-16" y="47.3202" x="42.799"/><via shape="round" drill="0.254" diameter="0.5588" extent="1-16" y="46.6852" x="42.799"/><via shape="round" drill="0.254" diameter="0.5588" extent="1-16" y="62.23" x="47.371"/><via shape="round" drill="0.254" diameter="0.5588" extent="1-16" y="62.23" x="46.736"/><via shape="round" drill="0.254" diameter="0.5588" extent="1-16" y="62.23" x="46.101"/><via shape="round" drill="0.254" diameter="0.5588" extent="1-16" y="62.23" x="45.466"/><via shape="round" drill="0.254" diameter="0.5588" extent="1-16" y="62.23" x="44.831"/><via shape="round" drill="0.254" diameter="0.5588" extent="1-16" y="62.23" x="44.196"/><via shape="round" drill="0.254" diameter="0.5588" extent="1-16" y="60.071" x="29.464"/><via shape="round" drill="0.254" diameter="0.5588" extent="1-16" y="57.531" x="29.464"/><via shape="round" drill="0.254" diameter="0.5588" extent="1-16" y="56.261" x="29.464"/><via shape="round" drill="0.254" diameter="0.5588" extent="1-16" y="56.896" x="29.464"/><via shape="round" drill="0.254" diameter="0.5588" extent="1-16" y="59.436" x="29.464"/><via shape="round" drill="0.254" diameter="0.5588" extent="1-16" y="60.706" x="29.464"/><via shape="round" drill="0.254" diameter="0.5588" extent="1-16" y="58.166" x="29.464"/><via shape="round" drill="0.254" diameter="0.5588" extent="1-16" y="62.23" x="41.021"/><via shape="round" drill="0.254" diameter="0.5588" extent="1-16" y="62.23" x="42.926"/><via shape="round" drill="0.254" diameter="0.5588" extent="1-16" y="58.801" x="29.464"/><via shape="round" drill="2.4892" diameter="3.4798" extent="1-16" y="28.448" x="43.18"/><contactref pad="1" element="Ccomp3"/><contactref pad="1" element="Cout_1"/><contactref pad="1" element="Cout_2"/><contactref pad="1" element="Cout_3"/><contactref pad="1" element="L1"/><contactref pad="1" element="Rfbt"/><contactref pad="1" element="VOUT"/></signal><signal name="5"><wire layer="1" width="0.254" y2="71.5772" x2="52.07" y1="71.5772" x1="42.2402"/><wire layer="1" width="0.254" y2="71.5772" x2="42.2402" y1="70.993" x1="41.656"/><wire layer="1" width="0.254" y2="70.993" x2="41.656" y1="68.7578" x1="41.656"/><wire layer="1" width="0.254" y2="68.326" x2="51.435" y1="67.2084" x1="51.435"/><wire layer="1" width="0.254" y2="68.961" x2="52.07" y1="68.326" x1="51.435"/><wire layer="1" width="0.254" y2="70.0786" x2="52.07" y1="68.961" x1="52.07"/><wire layer="1" width="0.254" y2="70.5866" x2="52.07" y1="70.0786" x1="52.07"/><wire layer="1" width="0.254" y2="71.0692" x2="52.07" y1="70.5866" x1="52.07"/><wire layer="1" width="0.254" y2="71.5772" x2="52.07" y1="71.0692" x1="52.07"/><wire layer="1" width="0.254" y2="72.0852" x2="52.07" y1="71.5772" x1="52.07"/><wire layer="1" width="0.254" y2="72.5932" x2="52.07" y1="72.0852" x1="52.07"/><wire layer="1" width="0.254" y2="72.517" x2="52.0827" y1="72.644" x1="52.0827"/><wire layer="1" width="0.254" y2="70.0024" x2="52.0827" y1="70.1294" x1="52.0827"/><wire layer="1" width="0.254" y2="70.5104" x2="52.0827" y1="70.6374" x1="52.0827"/><wire layer="1" width="0.254" y2="71.0184" x2="52.0827" y1="71.1454" x1="52.0827"/><wire layer="1" width="0.254" y2="71.501" x2="52.0827" y1="71.628" x1="52.0827"/><wire layer="1" width="0.254" y2="72.009" x2="52.0827" y1="72.136" x1="52.0827"/><polygon spacing="0.254" layer="1" width="0" rank="4"><vertex y="75.311" x="28.575"/><vertex y="63.627" x="28.575"/><vertex y="63.627" x="49.657"/><vertex y="66.548" x="49.657"/><vertex y="66.548" x="52.578"/><vertex y="72.7202" x="52.578"/><vertex y="72.7202" x="49.657"/><vertex y="74.168" x="49.657"/><vertex y="74.168" x="45.339"/><vertex y="75.311" x="45.339"/></polygon><wire layer="16" width="0.254" y2="72.4662" x2="49.022" y1="72.4662" x1="48.0568"/><wire layer="16" width="0.254" y2="72.4662" x2="48.0568" y1="72.9742" x1="47.5488"/><wire layer="16" width="0.254" y2="74.6252" x2="47.5488" y1="72.9742" x1="47.5488"/><wire layer="16" width="0.254" y2="72.4662" x2="50.038" y1="72.4662" x1="49.022"/><polygon spacing="0.254" layer="16" width="0" rank="3"><vertex y="63.627" x="28.575"/><vertex y="63.627" x="49.657"/><vertex y="68.0212" x="49.657"/><vertex y="68.0212" x="52.578"/><vertex y="72.7202" x="52.578"/><vertex y="72.7202" x="49.657"/><vertex y="73.787" x="49.657"/><vertex y="73.787" x="49.149"/><vertex y="75.311" x="49.149"/><vertex y="75.311" x="28.575"/></polygon><polygon spacing="0.254" layer="2" width="0" rank="2"><vertex y="74.2442" x="28.575"/><vertex y="63.627" x="28.575"/><vertex y="63.627" x="49.657"/><vertex y="68.0212" x="49.657"/><vertex y="68.0212" x="52.578"/><vertex y="72.7202" x="52.578"/><vertex y="72.7202" x="49.657"/><vertex y="74.2442" x="49.657"/></polygon><polygon spacing="0.254" layer="3" width="0" rank="4"><vertex y="74.2442" x="28.575"/><vertex y="63.627" x="28.575"/><vertex y="63.627" x="49.657"/><vertex y="68.0212" x="49.657"/><vertex y="68.0212" x="52.578"/><vertex y="72.7202" x="52.578"/><vertex y="72.7202" x="49.657"/><vertex y="74.2442" x="49.657"/></polygon><via shape="round" drill="0.254" diameter="0.5588" extent="1-16" y="68.961" x="29.464"/><via shape="round" drill="0.254" diameter="0.5588" extent="1-16" y="68.326" x="29.464"/><via shape="round" drill="0.254" diameter="0.5588" extent="1-16" y="70.866" x="29.464"/><via shape="round" drill="0.254" diameter="0.5588" extent="1-16" y="69.596" x="29.464"/><via shape="round" drill="0.254" diameter="0.5588" extent="1-16" y="67.056" x="29.464"/><via shape="round" drill="0.254" diameter="0.5588" extent="1-16" y="66.421" x="29.464"/><via shape="round" drill="0.254" diameter="0.5588" extent="1-16" y="67.691" x="29.464"/><via shape="round" drill="0.254" diameter="0.5588" extent="1-16" y="70.231" x="29.464"/><via shape="round" drill="0.254" diameter="0.5588" extent="1-16" y="65.024" x="44.323"/><via shape="round" drill="0.254" diameter="0.5588" extent="1-16" y="65.024" x="44.958"/><via shape="round" drill="0.254" diameter="0.5588" extent="1-16" y="65.024" x="45.593"/><via shape="round" drill="0.254" diameter="0.5588" extent="1-16" y="65.024" x="46.228"/><via shape="round" drill="0.254" diameter="0.5588" extent="1-16" y="65.024" x="46.863"/><via shape="round" drill="0.254" diameter="0.5588" extent="1-16" y="65.024" x="47.498"/><via shape="round" drill="0.254" diameter="0.5588" extent="1-16" y="65.024" x="48.133"/><via shape="round" drill="0.254" diameter="0.5588" extent="1-16" y="65.024" x="43.561"/><via shape="round" drill="0.254" diameter="0.5588" extent="1-16" y="71.8312" x="51.308"/><via shape="round" drill="0.254" diameter="0.5588" extent="1-16" y="71.8312" x="50.673"/><via shape="round" drill="0.254" diameter="0.5588" extent="1-16" y="72.4662" x="50.673"/><via shape="round" drill="0.254" diameter="0.5588" extent="1-16" y="72.4662" x="51.308"/><via shape="round" drill="0.254" diameter="0.5588" extent="1-16" y="72.4662" x="50.038"/><via shape="round" drill="0.254" diameter="0.5588" extent="1-16" y="70.5612" x="50.673"/><via shape="round" drill="0.254" diameter="0.5588" extent="1-16" y="71.1962" x="50.673"/><via shape="round" drill="0.254" diameter="0.5588" extent="1-16" y="69.9262" x="50.673"/><via shape="round" drill="0.254" diameter="0.5588" extent="1-16" y="69.9262" x="50.038"/><via shape="round" drill="0.254" diameter="0.5588" extent="1-16" y="69.9262" x="51.308"/><via shape="round" drill="0.254" diameter="0.5588" extent="1-16" y="70.5612" x="51.308"/><via shape="round" drill="0.254" diameter="0.5588" extent="1-16" y="71.1962" x="51.308"/><via shape="round" drill="0.254" diameter="0.5588" extent="1-16" y="70.5612" x="50.038"/><via shape="round" drill="0.254" diameter="0.5588" extent="1-16" y="71.8312" x="50.038"/><via shape="round" drill="0.254" diameter="0.5588" extent="1-16" y="71.1962" x="50.038"/><via shape="round" drill="0.254" diameter="0.5588" extent="1-16" y="65.024" x="42.799"/><via shape="round" drill="0.254" diameter="0.5588" extent="1-16" y="65.024" x="42.164"/><via shape="round" drill="0.254" diameter="0.5588" extent="1-16" y="65.024" x="41.529"/><via shape="round" drill="0.254" diameter="0.5588" extent="1-16" y="65.024" x="40.894"/><via shape="round" drill="0.254" diameter="0.5588" extent="1-16" y="65.024" x="40.259"/><via shape="round" drill="0.254" diameter="0.5588" extent="1-16" y="65.024" x="39.624"/><via shape="round" drill="0.254" diameter="0.5588" extent="1-16" y="65.024" x="38.989"/><contactref pad="1" element="Cboot"/><contactref pad="2" element="L1"/><contactref pad="2" element="Rsnubber"/><contactref pad="6" element="U1"/><contactref pad="7" element="U1"/><contactref pad="8" element="U1"/><contactref pad="9" element="U1"/><contactref pad="10" element="U1"/><contactref pad="11" element="U1"/></signal><signal name="1"><wire layer="1" width="1.27" y2="28.321" x2="71.12" y1="28.321" x1="69.215"/><wire layer="1" width="1.27" y2="28.321" x2="69.215" y1="30.099" x1="67.437"/><wire layer="1" width="1.27" y2="68.072" x2="67.437" y1="30.099" x1="67.437"/><wire layer="1" width="0.254" y2="68.072" x2="67.437" y1="68.072" x1="64.77"/><wire layer="1" width="1.27" y2="72.1106" x2="67.437" y1="68.072" x1="67.437"/><wire layer="1" width="0.254" y2="70.0786" x2="56.8706" y1="68.7832" x1="56.8706"/><wire layer="1" width="0.381" y2="74.6506" x2="59.055" y1="74.0918" x1="58.4962"/><wire layer="1" width="0.254" y2="74.0918" x2="58.4962" y1="74.0918" x1="56.8706"/><wire layer="1" width="0.508" y2="73.9394" x2="65.278" y1="72.6694" x1="65.278"/><wire layer="1" width="1.27" y2="72.6694" x2="66.8528" y1="72.6694" x1="65.278"/><wire layer="1" width="1.27" y2="72.1106" x2="67.437" y1="72.6694" x1="66.8528"/><wire layer="1" width="0.254" y2="70.5866" x2="56.8706" y1="70.0786" x1="56.8706"/><wire layer="1" width="0.254" y2="71.0692" x2="56.8706" y1="70.5866" x1="56.8706"/><wire layer="1" width="0.254" y2="71.5772" x2="56.8706" y1="71.0692" x1="56.8706"/><wire layer="1" width="0.254" y2="72.0852" x2="56.8706" y1="71.5772" x1="56.8706"/><wire layer="1" width="0.254" y2="72.5932" x2="56.8706" y1="72.0852" x1="56.8706"/><wire layer="1" width="0.508" y2="73.9394" x2="65.278" y1="74.6506" x1="64.5668"/><wire layer="1" width="0.508" y2="74.6506" x2="64.5668" y1="74.6506" x1="59.055"/><wire layer="1" width="0.254" y2="68.072" x2="64.77" y1="66.9798" x1="63.6778"/><wire layer="1" width="0.254" y2="68.5546" x2="57.0992" y1="68.7832" x1="56.8706"/><wire layer="1" width="0.254" y2="68.5546" x2="57.0992" y1="66.9798" x1="57.0992"/><wire layer="1" width="0.254" y2="66.9798" x2="63.6778" y1="66.9798" x1="57.0992"/><wire layer="1" width="0.254" y2="73.1266" x2="65.2653" y1="72.1868" x1="65.2653"/><wire layer="1" width="0.254" y2="67.5386" x2="57.0865" y1="66.3956" x1="57.0865"/><wire layer="1" width="0.254" y2="60.7822" x2="68.7578" y1="60.7822" x1="65.8114"/><wire layer="1" width="0.254" y2="72.517" x2="56.8579" y1="72.644" x1="56.8579"/><wire layer="1" width="0.254" y2="70.0024" x2="56.8579" y1="70.1294" x1="56.8579"/><wire layer="1" width="0.254" y2="72.009" x2="56.8579" y1="72.136" x1="56.8579"/><wire layer="1" width="0.254" y2="71.501" x2="56.8579" y1="71.628" x1="56.8579"/><wire layer="1" width="0.254" y2="71.0184" x2="56.8579" y1="71.1454" x1="56.8579"/><wire layer="1" width="0.254" y2="70.5104" x2="56.8579" y1="70.6374" x1="56.8579"/><wire layer="1" width="0.254" y2="74.0156" x2="56.8579" y1="74.1426" x1="56.8579"/><polygon spacing="0.254" layer="1" width="0" rank="4"><vertex y="26.035" x="64.77"/><vertex y="66.04" x="64.77"/><vertex y="66.04" x="56.515"/><vertex y="72.644" x="56.515"/><vertex y="72.644" x="57.404"/><vertex y="72.263" x="57.404"/><vertex y="72.263" x="57.785"/><vertex y="68.9102" x="57.785"/><vertex y="68.9102" x="66.675"/><vertex y="71.9582" x="66.675"/><vertex y="71.9582" x="64.516"/><vertex y="74.93" x="64.516"/><vertex y="74.93" x="75.692"/><vertex y="26.035" x="75.692"/></polygon><polygon spacing="0.254" layer="16" width="0" rank="2"><vertex y="26.035" x="64.77"/><vertex y="66.04" x="64.77"/><vertex y="66.04" x="56.515"/><vertex y="68.834" x="56.515"/><vertex y="68.834" x="75.692"/><vertex y="26.035" x="75.692"/></polygon><polygon spacing="0.254" layer="3" width="0" rank="3"><vertex y="68.834" x="59.563"/><vertex y="68.834" x="61.214"/><vertex y="66.167" x="61.214"/><vertex y="66.167" x="59.563"/></polygon><via shape="round" drill="0.254" diameter="0.5588" extent="1-16" y="67.1576" x="60.8584"/><via shape="round" drill="0.254" diameter="0.5588" extent="1-16" y="66.5226" x="60.8584"/><via shape="round" drill="0.254" diameter="0.5588" extent="1-16" y="67.7926" x="60.8584"/><via shape="round" drill="0.254" diameter="0.5588" extent="1-16" y="68.4276" x="59.9694"/><via shape="round" drill="0.254" diameter="0.5588" extent="1-16" y="67.7926" x="59.9694"/><via shape="round" drill="0.254" diameter="0.5588" extent="1-16" y="67.1576" x="59.9694"/><via shape="round" drill="0.254" diameter="0.5588" extent="1-16" y="66.5226" x="59.9694"/><via shape="round" drill="0.254" diameter="0.5588" extent="1-16" y="68.4276" x="60.8584"/><via shape="round" drill="2.4892" diameter="3.4798" extent="1-16" y="28.321" x="71.12"/><contactref pad="1" element="Cin"/><contactref pad="1" element="Cinx"/><contactref pad="1" element="Cvcc"/><contactref pad="12" element="U1"/><contactref pad="13" element="U1"/><contactref pad="14" element="U1"/><contactref pad="15" element="U1"/><contactref pad="16" element="U1"/><contactref pad="17" element="U1"/><contactref pad="20" element="U1"/><contactref pad="1" element="VIN"/></signal><signal name="0"><wire layer="1" width="0.254" y2="46.0502" x2="53.213" y1="28.3972" x1="53.213"/><wire layer="1" width="0.254" y2="31.623" x2="57.4802" y1="31.623" x1="53.34"/><wire layer="1" width="0.254" y2="28.3972" x2="60.706" y1="31.623" x1="57.4802"/><wire layer="1" width="0.254" y2="46.0502" x2="60.5536" y1="46.0502" x1="53.213"/><wire layer="1" width="0.254" y2="46.0502" x2="53.213" y1="46.0502" x1="51.562"/><wire layer="1" width="0.2032" y2="72.5932" x2="53.4924" y1="73.0758" x1="52.9844"/><wire layer="1" width="0.2032" y2="73.0758" x2="52.9844" y1="73.0758" x1="52.07"/><wire layer="1" width="0.254" y2="60.9346" x2="61.849" y1="47.3456" x1="61.849"/><wire layer="1" width="0.254" y2="47.3456" x2="61.849" y1="46.0502" x1="60.5536"/><wire layer="1" width="0.254" y2="65.1002" x2="53.5432" y1="62.9412" x1="53.5432"/><wire layer="1" width="0.254" y2="62.9412" x2="53.5432" y1="61.087" x1="53.5432"/><wire layer="1" width="0.254" y2="61.087" x2="53.5432" y1="58.8518" x1="51.308"/><wire layer="1" width="0.254" y2="58.8518" x2="51.308" y1="55.1942" x1="51.308"/><wire layer="1" width="0.254" y2="46.0502" x2="51.562" y1="46.3042" x1="51.308"/><wire layer="1" width="0.254" y2="55.1942" x2="51.308" y1="46.3042" x1="51.308"/><wire layer="1" width="0.2032" y2="72.5932" x2="54.483" y1="72.5932" x1="53.721"/><wire layer="1" width="0.2032" y2="73.3552" x2="53.721" y1="74.0918" x1="52.9844"/><wire layer="1" width="0.254" y2="79.8576" x2="55.2704" y1="78.0542" x1="53.467"/><wire layer="1" width="0.254" y2="79.8576" x2="58.3946" y1="79.8576" x1="55.2704"/><wire layer="1" width="0.254" y2="78.0542" x2="53.467" y1="74.5744" x1="53.467"/><wire layer="1" width="0.254" y2="74.5744" x2="53.467" y1="74.0918" x1="52.9844"/><wire layer="1" width="0.2032" y2="74.0918" x2="52.9844" y1="74.0918" x1="52.07"/><wire layer="1" width="0.254" y2="70.9676" x2="65.278" y1="70.9676" x1="65.278"/><wire layer="1" width="0.254" y2="70.6628" x2="60.1472" y1="69.6976" x1="60.1472"/><wire layer="1" width="0.254" y2="70.9676" x2="60.452" y1="70.6628" x1="60.1472"/><wire layer="1" width="0.254" y2="70.9676" x2="65.278" y1="70.9676" x1="60.452"/><wire layer="1" width="0.254" y2="66.9798" x2="55.3974" y1="65.1002" x1="53.5432"/><wire layer="1" width="0.2032" y2="72.5932" x2="53.721" y1="72.5932" x1="53.4924"/><wire layer="1" width="0.2032" y2="72.5932" x2="54.483" y1="73.3552" x1="53.721"/><wire layer="1" width="0.254" y2="68.3768" x2="55.3974" y1="66.9798" x1="55.3974"/><wire layer="1" width="0.254" y2="68.3768" x2="55.3974" y1="69.0372" x1="54.7624"/><wire layer="1" width="0.254" y2="69.0372" x2="54.7624" y1="69.0372" x1="54.102"/><wire layer="1" width="0.254" y2="71.4248" x2="65.2653" y1="70.485" x1="65.2653"/><wire layer="1" width="0.254" y2="70.9549" x2="63.4238" y1="70.9549" x1="62.2808"/><wire layer="1" width="0.254" y2="80.3148" x2="58.3819" y1="79.375" x1="58.3819"/><wire layer="1" width="0.254" y2="67.5386" x2="55.3847" y1="66.3956" x1="55.3847"/><wire layer="1" width="0.254" y2="51.3334" x2="51.308" y1="48.895" x1="51.308"/><wire layer="1" width="0.254" y2="60.7822" x2="63.1698" y1="60.7822" x1="60.2234"/><wire layer="1" width="0.254" y2="75.3872" x2="54.4703" y1="69.7484" x1="54.4703"/><wire layer="1" width="0.254" y2="72.9996" x2="52.0827" y1="73.1266" x1="52.0827"/><wire layer="1" width="0.254" y2="74.0156" x2="52.0827" y1="74.1426" x1="52.0827"/><polygon spacing="0.254" layer="1" width="0" rank="5"><vertex y="71.628" x="59.69"/><vertex y="69.2912" x="59.69"/><vertex y="69.2912" x="66.167"/><vertex y="71.628" x="66.167"/></polygon><polygon spacing="0.254" layer="1" width="0" rank="6"><vertex y="72.6948" x="52.8828"/><vertex y="69.6214" x="52.8828"/><vertex y="69.6214" x="56.0832"/><vertex y="72.6948" x="56.0832"/></polygon><polygon spacing="0.254" layer="1" width="0" rank="6"><vertex y="26.035" x="49.911"/><vertex y="61.595" x="49.911"/><vertex y="61.595" x="52.832"/><vertex y="84.201" x="52.832"/><vertex y="84.201" x="42.545"/><vertex y="75.565" x="42.545"/><vertex y="75.565" x="28.2956"/><vertex y="52.451" x="28.2956"/><vertex y="52.451" x="33.274"/><vertex y="26.035" x="33.274"/><vertex y="26.035" x="26.035"/><vertex y="97.79" x="26.035"/><vertex y="97.79" x="88.265"/><vertex y="26.035" x="88.265"/><vertex y="26.035" x="75.946"/><vertex y="75.565" x="75.946"/><vertex y="75.565" x="59.69"/><vertex y="79.375" x="59.69"/><vertex y="79.375" x="56.0578"/><vertex y="65.786" x="56.0578"/><vertex y="65.786" x="64.516"/><vertex y="26.035" x="64.516"/></polygon><polygon spacing="0.254" layer="16" width="0" rank="5"><vertex y="97.79" x="26.035"/><vertex y="97.79" x="88.265"/><vertex y="26.035" x="88.265"/><vertex y="26.035" x="75.9714"/><vertex y="69.1134" x="75.9714"/><vertex y="69.1134" x="56.2356"/><vertex y="65.786" x="56.2356"/><vertex y="65.786" x="64.4906"/><vertex y="26.035" x="64.4906"/><vertex y="26.035" x="49.9364"/><vertex y="67.7418" x="49.9364"/><vertex y="67.7418" x="52.8574"/><vertex y="73.025" x="52.8574"/><vertex y="73.025" x="51.435"/><vertex y="77.343" x="51.435"/><vertex y="77.343" x="46.482"/><vertex y="75.565" x="46.482"/><vertex y="75.565" x="28.2956"/><vertex y="52.451" x="28.2956"/><vertex y="52.451" x="33.274"/><vertex y="26.035" x="33.274"/><vertex y="26.035" x="26.035"/></polygon><polygon spacing="0.254" layer="2" width="0" rank="5"><vertex y="97.79" x="26.035"/><vertex y="97.79" x="88.265"/><vertex y="26.035" x="88.265"/><vertex y="26.035" x="49.9364"/><vertex y="67.437" x="49.9364"/><vertex y="67.437" x="52.959"/><vertex y="73.025" x="52.959"/><vertex y="73.025" x="51.054"/><vertex y="74.676" x="51.054"/><vertex y="74.676" x="28.321"/><vertex y="52.451" x="28.321"/><vertex y="52.451" x="33.401"/><vertex y="26.035" x="33.401"/><vertex y="26.035" x="26.035"/></polygon><polygon spacing="0.254" layer="3" width="0" rank="5"><vertex y="97.7392" x="26.035"/><vertex y="97.7392" x="88.265"/><vertex y="26.035" x="88.265"/><vertex y="26.035" x="49.911"/><vertex y="67.437" x="49.911"/><vertex y="67.437" x="52.959"/><vertex y="73.025" x="52.959"/><vertex y="73.025" x="51.181"/><vertex y="74.676" x="51.181"/><vertex y="74.676" x="28.321"/><vertex y="52.451" x="28.321"/><vertex y="52.451" x="33.3756"/><vertex y="26.035" x="33.3756"/><vertex y="26.035" x="26.035"/></polygon><via shape="round" drill="0.254" diameter="0.5588" extent="1-16" y="64.4652" x="55.88"/><via shape="round" drill="0.254" diameter="0.5588" extent="1-16" y="65.5066" x="55.0926"/><via shape="round" drill="0.254" diameter="0.5588" extent="1-16" y="56.2102" x="56.642"/><via shape="round" drill="0.254" diameter="0.5588" extent="1-16" y="63.8302" x="56.642"/><via shape="round" drill="0.254" diameter="0.5588" extent="1-16" y="72.5932" x="55.245"/><via shape="round" drill="0.254" diameter="0.5588" extent="1-16" y="72.5932" x="54.483"/><via shape="round" drill="0.254" diameter="0.5588" extent="1-16" y="69.6976" x="65.2272"/><via shape="round" drill="0.254" diameter="0.5588" extent="1-16" y="51.1302" x="56.642"/><via shape="round" drill="0.254" diameter="0.5588" extent="1-16" y="54.3052" x="56.642"/><via shape="round" drill="0.254" diameter="0.5588" extent="1-16" y="53.6702" x="56.642"/><via shape="round" drill="0.254" diameter="0.5588" extent="1-16" y="53.0352" x="56.642"/><via shape="round" drill="0.254" diameter="0.5588" extent="1-16" y="52.4002" x="56.642"/><via shape="round" drill="0.254" diameter="0.5588" extent="1-16" y="51.7652" x="56.642"/><via shape="round" drill="0.254" diameter="0.5588" extent="1-16" y="54.9402" x="56.642"/><via shape="round" drill="0.254" diameter="0.5588" extent="1-16" y="55.5752" x="56.642"/><via shape="round" drill="0.254" diameter="0.5588" extent="1-16" y="56.8452" x="56.642"/><via shape="round" drill="0.254" diameter="0.5588" extent="1-16" y="58.1152" x="56.642"/><via shape="round" drill="0.254" diameter="0.5588" extent="1-16" y="58.7502" x="56.642"/><via shape="round" drill="0.254" diameter="0.5588" extent="1-16" y="59.3852" x="56.642"/><via shape="round" drill="0.254" diameter="0.5588" extent="1-16" y="60.0202" x="56.642"/><via shape="round" drill="0.254" diameter="0.5588" extent="1-16" y="60.6552" x="56.642"/><via shape="round" drill="0.254" diameter="0.5588" extent="1-16" y="61.2902" x="56.642"/><via shape="round" drill="0.254" diameter="0.5588" extent="1-16" y="61.9252" x="56.642"/><via shape="round" drill="0.254" diameter="0.5588" extent="1-16" y="62.5602" x="56.642"/><via shape="round" drill="0.254" diameter="0.5588" extent="1-16" y="63.2206" x="56.642"/><via shape="round" drill="0.254" diameter="0.5588" extent="1-16" y="57.4802" x="56.642"/><via shape="round" drill="0.254" diameter="0.5588" extent="1-16" y="69.6976" x="65.8622"/><via shape="round" drill="0.254" diameter="0.5588" extent="1-16" y="69.6976" x="64.5922"/><via shape="round" drill="0.254" diameter="0.5588" extent="1-16" y="69.6976" x="63.9572"/><via shape="round" drill="0.254" diameter="0.5588" extent="1-16" y="69.6976" x="60.1472"/><via shape="round" drill="0.254" diameter="0.5588" extent="1-16" y="69.6976" x="62.0522"/><via shape="round" drill="0.254" diameter="0.5588" extent="1-16" y="69.6976" x="61.4172"/><via shape="round" drill="0.254" diameter="0.5588" extent="1-16" y="69.6976" x="60.7822"/><via shape="round" drill="0.254" diameter="0.5588" extent="1-16" y="69.6976" x="62.6872"/><via shape="round" drill="0.254" diameter="0.5588" extent="1-16" y="69.6976" x="63.3222"/><via shape="round" drill="0.254" diameter="0.5588" extent="1-16" y="64.4398" x="56.642"/><via shape="round" drill="0.254" diameter="0.5588" extent="1-16" y="70.3072" x="53.721"/><via shape="round" drill="0.254" diameter="0.5588" extent="1-16" y="71.0692" x="53.721"/><via shape="round" drill="0.254" diameter="0.5588" extent="1-16" y="71.8312" x="53.721"/><via shape="round" drill="0.254" diameter="0.5588" extent="1-16" y="70.3072" x="54.483"/><via shape="round" drill="0.254" diameter="0.5588" extent="1-16" y="71.0692" x="54.483"/><via shape="round" drill="0.254" diameter="0.5588" extent="1-16" y="71.8312" x="54.483"/><via shape="round" drill="0.254" diameter="0.5588" extent="1-16" y="69.0372" x="53.34"/><via shape="round" drill="0.254" diameter="0.5588" extent="1-16" y="69.0372" x="54.102"/><via shape="round" drill="0.254" diameter="0.5588" extent="1-16" y="73.3552" x="55.245"/><via shape="round" drill="0.254" diameter="0.5588" extent="1-16" y="74.1172" x="55.245"/><via shape="round" drill="0.254" diameter="0.5588" extent="1-16" y="74.8792" x="55.245"/><via shape="round" drill="0.254" diameter="0.5588" extent="1-16" y="74.1172" x="53.721"/><via shape="round" drill="0.254" diameter="0.5588" extent="1-16" y="74.8792" x="54.483"/><via shape="round" drill="0.254" diameter="0.5588" extent="1-16" y="74.1172" x="54.483"/><via shape="round" drill="0.254" diameter="0.5588" extent="1-16" y="73.3552" x="54.483"/><via shape="round" drill="0.254" diameter="0.5588" extent="1-16" y="71.8312" x="55.245"/><via shape="round" drill="0.254" diameter="0.5588" extent="1-16" y="74.8792" x="53.721"/><via shape="round" drill="0.254" diameter="0.5588" extent="1-16" y="73.3552" x="53.721"/><via shape="round" drill="0.254" diameter="0.5588" extent="1-16" y="72.5932" x="53.721"/><via shape="round" drill="0.254" diameter="0.5588" extent="1-16" y="71.0692" x="55.245"/><via shape="round" drill="0.254" diameter="0.5588" extent="1-16" y="70.3072" x="55.245"/><via shape="round" drill="2.4892" diameter="3.4798" extent="1-16" y="28.3972" x="53.213"/><via shape="round" drill="2.4892" diameter="3.4798" extent="1-16" y="28.3972" x="60.706"/><contactref pad="2" element="Cbyp"/><contactref pad="2" element="Cin"/><contactref pad="2" element="Cinx"/><contactref pad="2" element="Cout_1"/><contactref pad="2" element="Cout_2"/><contactref pad="2" element="Cout_3"/><contactref pad="2" element="Csnubber"/><contactref pad="2" element="Css"/><contactref pad="2" element="Cvcc"/><contactref pad="1" element="GND"/><contactref pad="1" element="GND1"/><contactref pad="2" element="Rfbb"/><contactref pad="2" element="Rocset"/><contactref pad="3" element="U1"/><contactref pad="5" element="U1"/><contactref pad="23" element="U1"/></signal><signal name="28"><wire layer="1" width="0.254" y2="72.6694" x2="60.452" y1="72.6694" x1="57.9882"/><wire layer="1" width="0.254" y2="72.6694" x2="57.9882" y1="73.0758" x1="57.5818"/><wire layer="1" width="0.254" y2="73.0758" x2="57.5818" y1="73.0758" x1="56.8706"/><wire layer="1" width="0.254" y2="72.9996" x2="56.8579" y1="73.1266" x1="56.8579"/><contactref pad="1" element="Rocset"/><contactref pad="18" element="U1"/></signal><signal name="10"><wire layer="1" width="0.254" y2="73.5838" x2="50.3428" y1="73.4568" x1="50.2158"/><wire layer="1" width="0.254" y2="73.5838" x2="52.07" y1="73.5838" x1="50.3428"/><wire layer="1" width="0.254" y2="73.5076" x2="52.0827" y1="73.6346" x1="52.0827"/><wire layer="16" width="0.254" y2="74.6506" x2="50.2158" y1="73.4568" x1="50.2158"/><wire layer="16" width="0.254" y2="73.6092" x2="50.2158" y1="73.4568" x1="50.2158"/><via shape="round" drill="0.254" diameter="0.5588" extent="1-16" y="73.4568" x="50.2158"/><contactref pad="2" element="Rramp"/><contactref pad="4" element="U1"/></signal><signal name="14"><wire layer="1" width="0.508" y2="65.5066" x2="51.435" y1="64.3382" x1="51.435"/><wire layer="1" width="0.508" y2="63.9064" x2="51.8414" y1="64.3382" x1="51.435"/><wire layer="1" width="0.508" y2="63.9064" x2="51.8414" y1="62.9412" x1="51.8414"/><polygon spacing="0.254" layer="1" width="0"><vertex y="62.1792" x="51.181"/><vertex y="63.6778" x="51.181"/><vertex y="63.6778" x="52.4764"/><vertex y="62.1792" x="52.4764"/></polygon><polygon spacing="0.254" layer="1" width="0" rank="2"><vertex y="64.8462" x="50.673"/><vertex y="66.1416" x="50.673"/><vertex y="66.1416" x="52.1716"/><vertex y="64.8462" x="52.1716"/></polygon><contactref pad="1" element="Csnubber"/><contactref pad="1" element="Rsnubber"/></signal><signal name="2"><wire layer="1" width="0.254" y2="73.3552" x2="58.7502" y1="73.3552" x1="58.1406"/><wire layer="1" width="0.254" y2="73.3552" x2="58.1406" y1="73.5838" x1="57.8866"/><wire layer="1" width="0.254" y2="73.5838" x2="57.8866" y1="73.5838" x1="56.8706"/><wire layer="1" width="0.254" y2="73.66" x2="62.865" y1="72.6694" x1="62.865"/><wire layer="1" width="0.254" y2="73.66" x2="62.865" y1="73.9648" x1="62.5602"/><wire layer="1" width="0.254" y2="73.9648" x2="62.5602" y1="73.9648" x1="59.3598"/><wire layer="1" width="0.254" y2="73.9648" x2="59.3598" y1="73.3552" x1="58.7502"/><wire layer="1" width="0.254" y2="72.6567" x2="63.4238" y1="72.6567" x1="62.2808"/><wire layer="1" width="0.254" y2="73.5076" x2="56.8579" y1="73.6346" x1="56.8579"/><wire layer="16" width="0.254" y2="75.819" x2="58.4962" y1="74.5236" x1="58.4962"/><wire layer="16" width="0.254" y2="74.2696" x2="58.7502" y1="74.5236" x1="58.4962"/><wire layer="16" width="0.254" y2="74.2696" x2="58.7502" y1="73.3552" x1="58.7502"/><wire layer="16" width="0.254" y2="75.8063" x2="59.055" y1="75.8063" x1="57.912"/><via shape="round" drill="0.254" diameter="0.5588" extent="1-16" y="73.3552" x="58.7502"/><contactref pad="1" element="Cbyp"/><contactref pad="1" element="Rpgood"/><contactref pad="19" element="U1"/></signal><signal name="20"><wire layer="1" width="0.254" y2="76.1492" x2="56.8706" y1="76.4032" x1="56.642"/><wire layer="1" width="0.254" y2="76.1492" x2="56.8706" y1="75.0824" x1="56.8706"/><wire layer="1" width="0.254" y2="75.0062" x2="56.8579" y1="75.1332" x1="56.8579"/><wire layer="16" width="0.254" y2="77.5208" x2="58.4962" y1="77.5208" x1="57.0738"/><wire layer="16" width="0.254" y2="77.5208" x2="57.0738" y1="77.089" x1="56.642"/><wire layer="16" width="0.254" y2="77.089" x2="56.642" y1="76.4032" x1="56.642"/><wire layer="16" width="0.254" y2="77.5081" x2="59.055" y1="77.5081" x1="57.912"/><via shape="round" drill="0.254" diameter="0.5588" extent="1-16" y="76.4032" x="56.642"/><contactref pad="2" element="Rpgood"/><contactref pad="22" element="U1"/></signal><signal name="21"><wire layer="1" width="0.254" y2="75.2348" x2="58.3946" y1="74.5744" x1="57.7342"/><wire layer="1" width="0.254" y2="74.5744" x2="57.7342" y1="74.5744" x1="56.8706"/><wire layer="1" width="0.254" y2="78.1558" x2="58.3946" y1="75.2348" x1="58.3946"/><wire layer="1" width="0.254" y2="78.613" x2="58.3819" y1="77.6732" x1="58.3819"/><wire layer="1" width="0.254" y2="74.4982" x2="56.8579" y1="74.6252" x1="56.8579"/><contactref pad="1" element="Css"/><contactref pad="21" element="U1"/></signal><signal name="6"><wire layer="1" width="0.254" y2="78.0542" x2="47.6504" y1="78.0542" x1="45.4152"/><wire layer="1" width="0.254" y2="79.629" x2="49.022" y1="79.1464" x1="48.514"/><wire layer="1" width="0.254" y2="79.1718" x2="48.514" y1="79.1718" x1="47.6504"/><wire layer="1" width="0.254" y2="80.4926" x2="49.022" y1="79.629" x1="49.022"/><wire layer="1" width="0.254" y2="79.1464" x2="47.6504" y1="78.0542" x1="47.6504"/><wire layer="1" width="0.254" y2="80.4926" x2="49.022" y1="80.4926" x1="46.482"/><wire layer="1" width="0.254" y2="79.1718" x2="51.7652" y1="78.0542" x1="51.7652"/><wire layer="1" width="0.254" y2="74.5744" x2="52.07" y1="74.5744" x1="47.2186"/><wire layer="1" width="0.254" y2="78.0542" x2="45.4152" y1="76.3778" x1="45.4152"/><wire layer="1" width="0.254" y2="74.5744" x2="47.2186" y1="76.3778" x1="45.4152"/><wire layer="1" width="0.254" y2="80.9498" x2="46.4693" y1="80.01" x1="46.4693"/><wire layer="1" width="0.254" y2="80.9498" x2="49.0093" y1="80.01" x1="49.0093"/><wire layer="1" width="0.254" y2="78.613" x2="47.6377" y1="77.47" x1="47.6377"/><wire layer="1" width="0.254" y2="74.4982" x2="52.0827" y1="74.6252" x1="52.0827"/><polygon spacing="0.254" layer="1" width="0"><vertex y="77.2922" x="44.7548"/><vertex y="78.7908" x="44.7548"/><vertex y="78.7908" x="46.0502"/><vertex y="77.2922" x="46.0502"/></polygon><wire layer="16" width="0.254" y2="79.1718" x2="51.7652" y1="79.1718" x1="47.6504"/><wire layer="16" width="0.254" y2="79.1718" x2="47.6504" y1="79.1718" x1="47.6504"/><via shape="round" drill="0.254" diameter="0.5588" extent="1-16" y="79.1718" x="47.6504"/><via shape="round" drill="0.254" diameter="0.5588" extent="1-16" y="79.1718" x="51.7652"/><contactref pad="2" element="CComp2"/><contactref pad="1" element="Rcomp"/><contactref pad="2" element="Rcomp2"/><contactref pad="1" element="Rfbb"/><contactref pad="2" element="Rfbt"/><contactref pad="2" element="U1"/></signal><signal name="12"><wire layer="1" width="0.254" y2="79.248" x2="43.942" y1="79.0194" x1="43.7134"/><wire layer="1" width="0.254" y2="79.0194" x2="43.7134" y1="78.0542" x1="43.7134"/><wire layer="1" width="0.254" y2="80.4926" x2="43.942" y1="79.248" x1="43.942"/><wire layer="1" width="0.254" y2="80.9498" x2="43.9293" y1="80.01" x1="43.9293"/><polygon spacing="0.254" layer="1" width="0"><vertex y="77.2922" x="43.053"/><vertex y="78.7908" x="43.053"/><vertex y="78.7908" x="44.3484"/><vertex y="77.2922" x="44.3484"/></polygon><contactref pad="2" element="Ccomp3"/><contactref pad="1" element="Rcomp2"/></signal><signal name="11"><wire layer="1" width="0.254" y2="82.1944" x2="51.689" y1="82.1944" x1="49.022"/><wire layer="1" width="0.254" y2="82.6516" x2="49.0093" y1="81.7118" x1="49.0093"/><wire layer="1" width="0.254" y2="82.6516" x2="51.6763" y1="81.7118" x1="51.6763"/><contactref pad="1" element="Ccomp"/><contactref pad="2" element="Rcomp"/></signal><signal name="4"><wire layer="1" width="0.254" y2="80.4672" x2="51.689" y1="78.1304" x1="49.3522"/><wire layer="1" width="0.254" y2="78.1304" x2="49.3522" y1="78.0542" x1="49.3522"/><wire layer="1" width="0.254" y2="75.0824" x2="52.07" y1="75.0824" x1="50.2412"/><wire layer="1" width="0.254" y2="78.0542" x2="49.3522" y1="75.9714" x1="49.3522"/><wire layer="1" width="0.254" y2="75.0824" x2="50.2412" y1="75.9714" x1="49.3522"/><wire layer="1" width="0.254" y2="80.9498" x2="51.6763" y1="80.01" x1="51.6763"/><wire layer="1" width="0.254" y2="78.613" x2="49.3395" y1="77.47" x1="49.3395"/><wire layer="1" width="0.254" y2="75.0062" x2="52.0827" y1="75.1332" x1="52.0827"/><contactref pad="2" element="Ccomp"/><contactref pad="1" element="CComp2"/><contactref pad="1" element="U1"/></signal><signal name="13"><wire layer="16" width="0.254" y2="76.327" x2="50.1396" y1="76.327" x1="47.5488"/><polygon spacing="0.254" layer="16" width="0"><vertex y="75.6666" x="46.7868"/><vertex y="76.962" x="46.7868"/><vertex y="76.962" x="48.2854"/><vertex y="75.6666" x="48.2854"/></polygon><contactref pad="2" element="Cboot"/><contactref pad="1" element="Rramp"/></signal></signals></board></drawing></eagle>
